{
  "answer_relevancy": 0.6613136383155066,
  "faithfulness": 0.7058823529411765,
  "context_precision": 0.8611111110513888,
  "context_recall": 0.8333333333333334,
  "average": 0.7654101089103513
}